<environment>
<camtrans>-5.927598 -13.609652 9.397117</camtrans>
<camrotationaxis>-0.958769 0.266928 -0.097524 120.434930</camrotationaxis>
<camfocal>18.346638</camfocal>

  <robot file="/home/zug/Workspace/KARYON/OpenRave/volksbot.robot.xml">
  </robot>
  <KinBody name="floor">
    <Body type="static">
      <Translation>0 0 -0.015</Translation>
      <Geom type="box">
        <extents>20 20 0.005</extents>
        <diffuseColor>.3 1 .3</diffuseColor>
      	<ambientColor>0.3 1 0.3</ambientColor>
      </Geom>
    </Body>
    
   <Body type="static">
      <Translation>3 3 0</Translation>
      <Geom type="box">
        <extents>0.1 10 1</extents>
        <diffuseColor>.3 1 1</diffuseColor>
      	<ambientColor>0.3 1 1</ambientColor>
      </Geom>
    </Body>
   <Body type="static">
      <Translation>5 3 0</Translation>
      <Geom type="box">
        <extents>10 0.1 1</extents>
        <diffuseColor>.3 1 1</diffuseColor>
      	<ambientColor>0.3 1 1</ambientColor>
      </Geom>
    </Body>    
  </KinBody>
</environment>
